"","INPUT","FOUND_BY","DTXSID","PREFERRED_NAME","CASRN","Name","release_to_water_sum_lbs","release_to_water_median_lbs","release_to_water_mean_lbs","release_to_water_sd_lbs","N_facility_years"
"1","DTXSID9032327","DSSTox_Substance_Id","DTXSID9032327","Bendiocarb","22781-23-3","BENDIOCARB",0,0,0,0,29
"2","DTXSID9027310","DSSTox_Substance_Id","DTXSID9027310","1,4-Dichloro-2-butene","764-41-0","1,4-DICHLORO-2-BUTENE",397.00001,0,3.28099181818182,8.51686866135475,121
"3","DTXSID9024194","DSSTox_Substance_Id","DTXSID9024194","Mecoprop","93-65-2","MECOPROP",5,0,0.0271739130434783,0.368604890387243,184
"4","DTXSID9024065","DSSTox_Substance_Id","DTXSID9024065","1,3-Dinitrobenzene","99-65-0","M-DINITROBENZENE",4756,0,76.7096774193548,253.849857980294,62
"5","DTXSID9023960","DSSTox_Substance_Id","DTXSID9023960","1-Chloro-1,1-difluoroethane","75-68-3","1-CHLORO-1,1-DIFLUOROETHANE",11940.05,0,28.2939573459716,126.701856406462,422
"6","DTXSID9021924","DSSTox_Substance_Id","DTXSID9021924","Pyridine","110-86-1","PYRIDINE",15805.02,0,13.0189621087315,80.8874277209241,1214
"7","DTXSID9021899","DSSTox_Substance_Id","DTXSID9021899","2-Methylpyridine","109-06-8","2-METHYLPYRIDINE",77.500001,0,0.379901965686274,2.61937419412808,204
"8","DTXSID9021762","DSSTox_Substance_Id","DTXSID9021762","2-Butanol","78-92-2","SEC-BUTYL ALCOHOL",370156.62,0,158.525319057816,2812.49753021151,2335
"9","DTXSID9021390","DSSTox_Substance_Id","DTXSID9021390","1,2,3-Trichloropropane","96-18-4","1,2,3-TRICHLOROPROPANE",28316,0,203.712230215827,741.335919522301,139
"10","DTXSID9021138","DSSTox_Substance_Id","DTXSID9021138","1,4-Benzenediamine","106-50-3","P-PHENYLENEDIAMINE",4048,0,18.4,60.6309594350043,220
"11","DTXSID9020827","DSSTox_Substance_Id","DTXSID9020827","Methoxychlor","72-43-5","METHOXYCHLOR",0,0,0,0,247
"12","DTXSID9020407","DSSTox_Substance_Id","DTXSID9020407","Diazinon","333-41-5","DIAZINON",26213.35,0,66.0285894206549,661.128146499194,397
"13","DTXSID9020376","DSSTox_Substance_Id","DTXSID9020376","1,1'-Oxybis[2,3,4,5,6-pentabromobenzene]","1163-19-5","DECABROMODIPHENYL OXIDE",38972.4375,0,17.7147443181818,229.522080487387,2200
"14","DTXSID9020299","DSSTox_Substance_Id","DTXSID9020299","Chlorobenzilate","510-15-6","CHLOROBENZILATE",1.01,0,0.024047619047619,0.154273427264861,42
"15","DTXSID9020295","DSSTox_Substance_Id","DTXSID9020295","4-Chloroaniline","106-47-8","P-CHLOROANILINE",3720,0,38.75,140.122127183096,96
"16","DTXSID9020249","DSSTox_Substance_Id","DTXSID9020249","Carbofuran","1563-66-2","CARBOFURAN",151,0,1.38532110091743,10.7642311115898,109
"17","DTXSID9020247","DSSTox_Substance_Id","DTXSID9020247","Carbaryl","63-25-2","CARBARYL",301.385,0,0.848971830985915,2.84854968238042,355
"18","DTXSID9020243","DSSTox_Substance_Id","DTXSID9020243","Captan","133-06-2","CAPTAN",145,0,0.584677419354839,1.60996614518376,248
"19","DTXSID9020168","DSSTox_Substance_Id","DTXSID9020168","Bis(2-chloroethyl) ether","111-44-4","BIS(2-CHLOROETHYL) ETHER",124.2499,0,0.333109651474531,1.51416981505752,373
"20","DTXSID9020160","DSSTox_Substance_Id","DTXSID9020160","Bifenthrin","82657-04-3","BIFENTHRIN",17,0,0.0524691358024691,0.485415862344824,324
"21","DTXSID9020112","DSSTox_Substance_Id","DTXSID9020112","Atrazine","1912-24-9","ATRAZINE",20226.070001,0,39.4270370389864,303.83310414028,513
"22","DTXSID9020089","DSSTox_Substance_Id","DTXSID9020089","Anilazine","101-05-3","ANILAZINE",0.1,0,0.0166666666666667,0.0408248290463863,6
"23","DTXSID8032417","DSSTox_Substance_Id","DTXSID8032417","Isofenphos","25311-71-1","ISOFENPHOS",0,0,0,0,4
"24","DTXSID8026434","DSSTox_Substance_Id","DTXSID8026434","1,2-Dichloro-1,1,2,2-tetrafluoroethane","76-14-2","DICHLOROTETRAFLUOROETHANE (CFC-114)",40.02,0,0.147675276752768,0.84785226574837,271
"25","DTXSID8025541","DSSTox_Substance_Id","DTXSID8025541","Oxydemeton-methyl","301-12-2","OXYDEMETON METHYL",0,0,0,0,15
"26","DTXSID8024991","DSSTox_Substance_Id","DTXSID8024991","1,2-Dichloroethylene","540-59-0","1,2-DICHLOROETHYLENE",2056.26001,0,5.4254881530343,44.607307551275,379
"27","DTXSID8024317","DSSTox_Substance_Id","DTXSID8024317","Terbacil","5902-51-2","TERBACIL",1,0,0.05,0.223606797749979,20
"28","DTXSID8024315","DSSTox_Substance_Id","DTXSID8024315","Myclobutanil","88671-89-0","MYCLOBUTANIL",0,0,0,0,115
"29","DTXSID8024280","DSSTox_Substance_Id","DTXSID8024280","Propiconazole","60207-90-1","PROPICONAZOLE",44,0,0.2,1.98303305351278,220
"30","DTXSID8024238","DSSTox_Substance_Id","DTXSID8024238","Oryzalin","19044-88-3","ORYZALIN",0,0,0,0,53
"31","DTXSID8024234","DSSTox_Substance_Id","DTXSID8024234","Norflurazon","27314-13-2","NORFLURAZON",78,0,1.69565217391304,11.2029154245519,46
"32","DTXSID8024151","DSSTox_Substance_Id","DTXSID8024151","Imazalil","35554-44-0","IMAZALIL",0,0,0,0,3
"33","DTXSID8024101","DSSTox_Substance_Id","DTXSID8024101","Tribenuron-methyl","101200-48-0","TRIBENURON METHYL",0,0,0,0,58
"34","DTXSID8023846","DSSTox_Substance_Id","DTXSID8023846","Acephate","30560-19-1","ACEPHATE",255,0,1.9921875,22.0980264532813,128
"35","DTXSID8022292","DSSTox_Substance_Id","DTXSID8022292","Permethrin","52645-53-1","PERMETHRIN",24,0,0.054176072234763,0.531155519714329,443
"36","DTXSID8022111","DSSTox_Substance_Id","DTXSID8022111","Propanil","709-98-8","PROPANIL",2000,0,19.8019801980198,110.018000327399,101
"37","DTXSID8021808","DSSTox_Substance_Id","DTXSID8021808","o-Cresol","95-48-7","O-CRESOL",2795.364,0,5.195843866171,27.1982840169938,538
"38","DTXSID8021513","DSSTox_Substance_Id","DTXSID8021513","Butyraldehyde","123-72-8","BUTYRALDEHYDE",414433.5,0,733.510619469027,5816.62410586693,565
"39","DTXSID8021438","DSSTox_Substance_Id","DTXSID8021438","1,1-Dichloroethylene","75-35-4","VINYLIDENE CHLORIDE",6167.0633,0,11.2537651459854,90.3233070957102,548
"40","DTXSID8021434","DSSTox_Substance_Id","DTXSID8021434","Vinyl chloride","75-01-4","VINYL CHLORIDE",2471.6472,0,2.54808989690722,14.7726355501755,970
"41","DTXSID8021432","DSSTox_Substance_Id","DTXSID8021432","Vinyl bromide","593-60-2","VINYL BROMIDE",0,0,0,0,3
"42","DTXSID8021199","DSSTox_Substance_Id","DTXSID8021199","Pebulate","1114-71-2","PEBULATE",98,0,12.25,34.6482322781408,8
"43","DTXSID8021060","DSSTox_Substance_Id","DTXSID8021060","N-Nitrosopiperidine","100-75-4","N-NITROSOPIPERIDINE",1.002,0,0.0286285714285714,0.169021245743265,35
"44","DTXSID8020961","DSSTox_Substance_Id","DTXSID8020961","4-Nitroaniline","100-01-6","P-NITROANILINE",0,0,0,0,92
"45","DTXSID8020913","DSSTox_Substance_Id","DTXSID8020913","Naphthalene","91-20-3","NAPHTHALENE",349798.9045495,0,14.2839194964882,458.340803155134,24489
"46","DTXSID8020832","DSSTox_Substance_Id","DTXSID8020832","Methyl bromide","74-83-9","BROMOMETHANE",5339.11,0,8.05295625942685,84.7842320976923,663
"47","DTXSID8020628","DSSTox_Substance_Id","DTXSID8020628","Fluometuron","2164-17-2","FLUOMETURON",0,0,0,0,45
"48","DTXSID8020620","DSSTox_Substance_Id","DTXSID8020620","Fenthion","55-38-9","FENTHION",0,0,0,0,2
"49","DTXSID8020597","DSSTox_Substance_Id","DTXSID8020597","Ethylene glycol","107-21-1","ETHYLENE GLYCOL",12817049.6713,0,409.778428010103,6626.40943359879,31278
"50","DTXSID8020541","DSSTox_Substance_Id","DTXSID8020541","5,5-Diphenylhydantoin","57-41-0","PHENYTOIN",0,0,0,0,27
"51","DTXSID8020250","DSSTox_Substance_Id","DTXSID8020250","Carbon tetrachloride","56-23-5","CARBON TETRACHLORIDE",16206.86,0,15.2177089201878,171.745118749544,1065
"52","DTXSID8020204","DSSTox_Substance_Id","DTXSID8020204","tert-Butyl alcohol","75-65-0","TERT-BUTYL ALCOHOL",233952.48,0,107.762542607094,620.334788360235,2171
"53","DTXSID8020173","DSSTox_Substance_Id","DTXSID8020173","bis(Chloromethyl) ether","542-88-1","BIS(CHLOROMETHYL) ETHER",5,0,0.131578947368421,0.811107105653813,38
"54","DTXSID8020090","DSSTox_Substance_Id","DTXSID8020090","Aniline","62-53-3","ANILINE",102428.750001,0,82.0086068863091,622.681499509645,1249
"55","DTXSID8020044","DSSTox_Substance_Id","DTXSID8020044","Allyl alcohol","107-18-6","ALLYL ALCOHOL",391303.501,0,528.788514864865,2081.69992309579,740
"56","DTXSID8020040","DSSTox_Substance_Id","DTXSID8020040","Aldrin","309-00-2","ALDRIN",8.64,0,0.0608450704225352,0.593075280114867,142
"57","DTXSID7042065","DSSTox_Substance_Id","DTXSID7042065","Isodrin","465-73-6","ISODRIN",0,0,0,0,55
"58","DTXSID7041966","DSSTox_Substance_Id","DTXSID7041966","Famphur","52-85-7","FAMPHUR",0,0,0,0,13
"59","DTXSID7032688","DSSTox_Substance_Id","DTXSID7032688","Phenothrin","26002-80-2","PHENOTHRIN",0,0,0,0,68
"60","DTXSID7032470","DSSTox_Substance_Id","DTXSID7032470","Propetamphos","31218-83-4","PROPETAMPHOS",0,0,0,0,3
"61","DTXSID7024247","DSSTox_Substance_Id","DTXSID7024247","Pentachlorobenzene","608-93-5","PENTACHLOROBENZENE",540.4157,0,1.53964586894587,11.2097109296935,351
"62","DTXSID7024245","DSSTox_Substance_Id","DTXSID7024245","Pendimethalin","40487-42-1","PENDIMETHALIN",3810.576,0,9.31681173594132,127.617144118711,409
"63","DTXSID7024241","DSSTox_Substance_Id","DTXSID7024241","Oxyfluorfen","42874-03-3","OXYFLUORFEN",0.912,0,0.00885436893203883,0.0520283496941982,103
"64","DTXSID7024160","DSSTox_Substance_Id","DTXSID7024160","Lactofen","77501-63-4","LACTOFEN",0,0,0,0,26
"65","DTXSID7024035","DSSTox_Substance_Id","DTXSID7024035","2,4-Dichlorophenoxybutyric acid","94-82-6","2,4-DB",0,0,0,0,32
"66","DTXSID7023980","DSSTox_Substance_Id","DTXSID7023980","Chlorsulfuron","64902-72-3","CHLORSULFURON",0,0,0,0,51
"67","DTXSID7023853","DSSTox_Substance_Id","DTXSID7023853","Acifluorfen-sodium","62476-59-9","ACIFLUORFEN, SODIUM SALT",50484,0,731.652173913043,2051.74326041287,69
"68","DTXSID7022253","DSSTox_Substance_Id","DTXSID7022253","Resmethrin","10453-86-8","RESMETHRIN",0,0,0,0,33
"69","DTXSID7021948","DSSTox_Substance_Id","DTXSID7021948","Propoxur","114-26-1","PROPOXUR",0,0,0,0,55
"70","DTXSID7021869","DSSTox_Substance_Id","DTXSID7021869","p-Cresol","106-44-5","P-CRESOL",6662.35,0,12.6180871212121,61.8667583086465,528
"71","DTXSID7021360","DSSTox_Substance_Id","DTXSID7021360","Toluene","108-88-3","TOLUENE",793253.621676,0,13.8833614238759,1087.57409792422,57137
"72","DTXSID7021318","DSSTox_Substance_Id","DTXSID7021318","1,1,2,2-Tetrachloroethane","79-34-5","1,1,2,2-TETRACHLOROETHANE",4511.46,0,10.2300680272109,81.8440355784592,441
"73","DTXSID7021106","DSSTox_Substance_Id","DTXSID7021106","Pentachlorophenol","87-86-5","PENTACHLOROPHENOL",15462.015,0,21.1518673050616,60.8655447202547,731
"74","DTXSID7021104","DSSTox_Substance_Id","DTXSID7021104","Pentachloroethane","76-01-7","PENTACHLOROETHANE",161.005,0,0.594114391143911,7.74628815231644,271
"75","DTXSID7021100","DSSTox_Substance_Id","DTXSID7021100","Parathion","56-38-2","PARATHION",0,0,0,0,41
"76","DTXSID7021029","DSSTox_Substance_Id","DTXSID7021029","N-Nitrosodimethylamine","62-75-9","N-NITROSODIMETHYLAMINE",0,0,0,0,6
"77","DTXSID7020970","DSSTox_Substance_Id","DTXSID7020970","Nitrofen","1836-75-5","NITROFEN",0,0,0,0,3
"78","DTXSID7020920","DSSTox_Substance_Id","DTXSID7020920","1-Naphthylamine","134-32-7","ALPHA-NAPHTHYLAMINE",1,0,0.0181818181818182,0.134839972492648,55
"79","DTXSID7020762","DSSTox_Substance_Id","DTXSID7020762","Isopropanol","67-63-0","ISOPROPYL ALCOHOL (MANUFACTURING,STRONG-ACID PROCESS ONLY,NO SUPPLIER)",7288,0,28.1389961389961,391.373464166935,259
"80","DTXSID7020716","DSSTox_Substance_Id","DTXSID7020716","Hydroquinone","123-31-9","HYDROQUINONE",126096,0,102.767726161369,654.395205883138,1227
"81","DTXSID7020712","DSSTox_Substance_Id","DTXSID7020712","2,2-Dichloro-1,1,1-trifluoroethane","306-83-2","2,2-DICHLORO-1,1,1-TRIFLUOROETHANE",44105,0,125.655270655271,1285.14693688837,351
"82","DTXSID7020710","DSSTox_Substance_Id","DTXSID7020710","1,2-Diphenylhydrazine","122-66-7","1,2-DIPHENYLHYDRAZINE",16.05,0,0.40125,1.33553444118441,40
"83","DTXSID7020689","DSSTox_Substance_Id","DTXSID7020689","Hexachloroethane","67-72-1","HEXACHLOROETHANE",143.703,0,0.345439903846154,5.18326209293825,416
"84","DTXSID7020683","DSSTox_Substance_Id","DTXSID7020683","Hexachloro-1,3-butadiene","87-68-3","HEXACHLORO-1,3-BUTADIENE",299.5,0,1.3675799086758,16.9048340919373,219
"85","DTXSID7020637","DSSTox_Substance_Id","DTXSID7020637","Formaldehyde","50-00-0","FORMALDEHYDE",5795461.8285,0,360.526396796267,1931.41866738676,16075
"86","DTXSID7020479","DSSTox_Substance_Id","DTXSID7020479","Dimethoate","60-51-5","DIMETHOATE",2970.05,0,25.8265217391304,244.208440979607,115
"87","DTXSID7020267","DSSTox_Substance_Id","DTXSID7020267","Chlordane","57-74-9","CHLORDANE",406.71,0,1.21405970149254,10.1005650637577,335
"88","DTXSID7020182","DSSTox_Substance_Id","DTXSID7020182","Bisphenol A","80-05-7","4,4'-ISOPROPYLIDENEDIPHENOL",120373.5,0,42.9445237245808,373.492475642184,2803
"89","DTXSID7020009","DSSTox_Substance_Id","DTXSID7020009","Acetonitrile","75-05-8","ACETONITRILE",177490.976001,0,60.9306474428424,374.226059076371,2913
"90","DTXSID6032649","DSSTox_Substance_Id","DTXSID6032649","Tetramethrin","7696-12-0","TETRAMETHRIN",0,0,0,0,61
"91","DTXSID6032356","DSSTox_Substance_Id","DTXSID6032356","Cycloate","1134-23-2","CYCLOATE",226,0,15.0666666666667,37.6913530566109,15
"92","DTXSID6032352","DSSTox_Substance_Id","DTXSID6032352","Chlorpyrifos-methyl","5598-13-0","CHLORPYRIFOS METHYL",0,0,0,0,36
"93","DTXSID6026298","DSSTox_Substance_Id","DTXSID6026298","m-Xylene","108-38-3","M-XYLENE",31557.83,0,29.7715377358491,688.398176716982,1060
"94","DTXSID6024337","DSSTox_Substance_Id","DTXSID6024337","Thiobencarb","28249-77-6","THIOBENCARB",0,0,0,0,37
"95","DTXSID6024254","DSSTox_Substance_Id","DTXSID6024254","Phenanthrene","85-01-8","PHENANTHRENE",13928.727593,0,6.05596851869565,62.1979615517746,2300
"96","DTXSID6024206","DSSTox_Substance_Id","DTXSID6024206","Molinate","2212-67-1","MOLINATE",817.74,0,24.0511764705882,44.2184996774595,34
"97","DTXSID6024204","DSSTox_Substance_Id","DTXSID6024204","Metribuzin","21087-64-9","METRIBUZIN",731.3,0,4.04033149171271,15.6967787884632,181
"98","DTXSID6024200","DSSTox_Substance_Id","DTXSID6024200","m-Cresol","108-39-4","M-CRESOL",14273.4949857,0,27.1876094965714,156.826637248526,525
"99","DTXSID6024173","DSSTox_Substance_Id","DTXSID6024173","Merphos","150-50-5","MERPHOS",65,0,2.5,5.54436651025164,26
"100","DTXSID6023947","DSSTox_Substance_Id","DTXSID6023947","Carbon disulfide","75-15-0","CARBON DISULFIDE",221171.267,0,72.9456685356201,886.850464061816,3032
"101","DTXSID6022056","DSSTox_Substance_Id","DTXSID6022056","1,3-Dichlorobenzene","541-73-1","1,3-DICHLOROBENZENE",3742.3,0,26.7307142857143,104.640579502518,140
"102","DTXSID6021828","DSSTox_Substance_Id","DTXSID6021828","Acetophenone","98-86-2","ACETOPHENONE",12135.310001,0,14.0617728864426,61.7727430051081,863
"103","DTXSID6021402","DSSTox_Substance_Id","DTXSID6021402","1,2,4-Trimethylbenzene","95-63-6","1,2,4-TRIMETHYLBENZENE",108539.899809,0,3.56230594404148,68.0736723715052,30469
"104","DTXSID6021377","DSSTox_Substance_Id","DTXSID6021377","1,1,2-Trichloro-1,2,2-trifluoroethane","76-13-1","FREON 113",31660.02,0,79.3484210526316,353.931797233205,399
"105","DTXSID6021032","DSSTox_Substance_Id","DTXSID6021032","N-Nitrosodipropylamine","621-64-7","N-NITROSODI-N-PROPYLAMINE",0.25,0,0.00531914893617021,0.0364662478744736,47
"106","DTXSID6021030","DSSTox_Substance_Id","DTXSID6021030","N-Nitrosodiphenylamine","86-30-6","N-NITROSODIPHENYLAMINE",0,0,0,0,69
"107","DTXSID6020981","DSSTox_Substance_Id","DTXSID6020981","2-Nitropropane","79-46-9","2-NITROPROPANE",2135.0000001,0,14.5238095244898,68.3997449858942,147
"108","DTXSID6020694","DSSTox_Substance_Id","DTXSID6020694","Hexamethylphosphoramide","680-31-9","HEXAMETHYLPHOSPHORAMIDE",0,0,0,0,2
"109","DTXSID6020438","DSSTox_Substance_Id","DTXSID6020438","1,2-Dichloroethane","107-06-2","1,2-DICHLOROETHANE",51748.8599,0,35.1077746947083,274.847584022006,1474
"110","DTXSID6020436","DSSTox_Substance_Id","DTXSID6020436","Dichlorodifluoromethane","75-71-8","DICHLORODIFLUOROMETHANE",13301,0,24.9549718574109,563.10580563922,533
"111","DTXSID6020434","DSSTox_Substance_Id","DTXSID6020434","(2E)-1,4-Dichlorobut-2-ene","110-57-6","TRANS-1,4-DICHLORO-2-BUTENE",0,0,0,0,45
"112","DTXSID6020432","DSSTox_Substance_Id","DTXSID6020432","3,3'-Dichlorobenzidine","91-94-1","3,3'-DICHLOROBENZIDINE",23.06,0,0.591282051282051,1.58065639178156,39
"113","DTXSID6020430","DSSTox_Substance_Id","DTXSID6020430","1,2-Dichlorobenzene","95-50-1","1,2-DICHLOROBENZENE",15684.388,0,28.5690127504554,114.420906508313,549
"114","DTXSID6020307","DSSTox_Substance_Id","DTXSID6020307","Chloromethyl methyl ether","107-30-2","CHLOROMETHYL METHYL ETHER",1,0,0.0175438596491228,0.132453235706504,57
"115","DTXSID6020301","DSSTox_Substance_Id","DTXSID6020301","Chlorodifluoromethane","75-45-6","CHLORODIFLUOROMETHANE",50353.05,0,15.1346708746619,220.853921515357,3327
"116","DTXSID5039224","DSSTox_Substance_Id","DTXSID5039224","Acetaldehyde","75-07-0","ACETALDEHYDE",6858790.3462,0,850.755438625651,2772.8559600378,8062
"117","DTXSID5035957","DSSTox_Substance_Id","DTXSID5035957","Cyfluthrin","68359-37-5","CYFLUTHRIN",226.05,0,2.13254716981132,8.66406932449519,106
"118","DTXSID5024344","DSSTox_Substance_Id","DTXSID5024344","Tri-allate","2303-17-5","TRIALLATE",6,0,0.109090909090909,0.685098729644326,55
"119","DTXSID5024059","DSSTox_Substance_Id","DTXSID5024059","3,3'-Dimethylbenzidine","119-93-7","3,3'-DIMETHYLBENZIDINE",1.000001,0,0.02000002,0.14142135335123,50
"120","DTXSID5023908","DSSTox_Substance_Id","DTXSID5023908","Benzo(g,h,i)perylene","191-24-2","BENZO(G,H,I)PERYLENE",10267.9634644,0,0.388378979665633,10.4074434982565,26438
"121","DTXSID5023900","DSSTox_Substance_Id","DTXSID5023900","Benomyl","17804-35-2","BENOMYL",0,0,0,0,42
"122","DTXSID5021889","DSSTox_Substance_Id","DTXSID5021889","4-Methyl-2-pentanone","108-10-1","METHYL ISOBUTYL KETONE",306539.7039,0,21.0723657042689,338.707252056606,14547
"123","DTXSID5021386","DSSTox_Substance_Id","DTXSID5021386","2,4,6-Trichlorophenol","88-06-2","2,4,6-TRICHLOROPHENOL",5107.5,0,58.0397727272727,281.217633862726,88
"124","DTXSID5021384","DSSTox_Substance_Id","DTXSID5021384","Trichlorofluoromethane","75-69-4","TRICHLOROFLUOROMETHANE",4871.5,0,9.6656746031746,69.4093240619791,504
"125","DTXSID5021380","DSSTox_Substance_Id","DTXSID5021380","1,1,2-Trichloroethane","79-00-5","1,1,2-TRICHLOROETHANE",5836.5072,0,10.7288735294118,68.2617943962117,544
"126","DTXSID5021205","DSSTox_Substance_Id","DTXSID5021205","1-Propene","115-07-1","PROPYLENE",34613.99,0,3.66246852184954,102.82634798909,9451
"127","DTXSID5021124","DSSTox_Substance_Id","DTXSID5021124","Phenol","108-95-2","PHENOL",1079627.7472195,0,77.3926700515771,939.931329317751,13950
"128","DTXSID5020865","DSSTox_Substance_Id","DTXSID5020865","4,4'-Methylenebis(2-chloroaniline)","101-14-4","4,4'-METHYLENEBIS(2-CHLOROANILINE)",1.005,0,0.00193269230769231,0.0438530266514723,520
"129","DTXSID5020607","DSSTox_Substance_Id","DTXSID5020607","Di(2-ethylhexyl) phthalate","117-81-7","DI(2-ETHYLHEXYL) PHTHALATE",34337.2976,0,6.68040809338521,111.840199343348,5140
"130","DTXSID5020601","DSSTox_Substance_Id","DTXSID5020601","Ethylene thiourea","96-45-7","ETHYLENE THIOUREA",41,0,0.18552036199095,0.887779828249742,221
"131","DTXSID5020528","DSSTox_Substance_Id","DTXSID5020528","2,6-Dinitrotoluene","606-20-2","2,6-DINITROTOLUENE",199.08,0,2.37,10.6283134025645,84
"132","DTXSID5020491","DSSTox_Substance_Id","DTXSID5020491","4-(Dimethylamino)azobenzene","60-11-7","4-DIMETHYLAMINOAZOBENZENE",0,0,0,0,26
"133","DTXSID5020449","DSSTox_Substance_Id","DTXSID5020449","Dichlorvos","62-73-7","DICHLORVOS",26,0,0.262626262626263,1.10274109850121,99
"134","DTXSID5020445","DSSTox_Substance_Id","DTXSID5020445","2,4-D isopropyl ester","94-11-1","2,4-D ISOPROPYL ESTER",0,0,0,0,15
"135","DTXSID5020316","DSSTox_Substance_Id","DTXSID5020316","Chloroprene","126-99-8","CHLOROPRENE",1763,0,5.95608108108108,27.1385915134846,296
"136","DTXSID5020071","DSSTox_Substance_Id","DTXSID5020071","4-Biphenylamine","92-67-1","4-AMINOBIPHENYL",0,0,0,0,25
"137","DTXSID5020029","DSSTox_Substance_Id","DTXSID5020029","Acrylonitrile","107-13-1","ACRYLONITRILE",82764.671,0,37.6032126306224,760.622013634787,2201
"138","DTXSID5020027","DSSTox_Substance_Id","DTXSID5020027","Acrylamide","79-06-1","ACRYLAMIDE",10456.96,0,6.22808814770697,74.9260881092703,1679
"139","DTXSID5020023","DSSTox_Substance_Id","DTXSID5020023","Acrolein","107-02-8","ACROLEIN",7061,0,3.72415611814346,59.2217456925738,1896
"140","DTXSID4039231","DSSTox_Substance_Id","DTXSID4039231","Allyl chloride","107-05-1","ALLYL CHLORIDE",3909.4,0,6.89488536155203,100.421768816524,567
"141","DTXSID4032611","DSSTox_Substance_Id","DTXSID4032611","Ethoprop","13194-48-4","ETHOPROP",0,0,0,0,93
"142","DTXSID4025909","DSSTox_Substance_Id","DTXSID4025909","Picric acid","88-89-1","PICRIC ACID",307,0,1.93081761006289,21.7997559784436,159
"143","DTXSID4024359","DSSTox_Substance_Id","DTXSID4024359","2,4,5-Trichlorophenol","95-95-4","2,4,5-TRICHLOROPHENOL",22284.13,0,412.669074074074,1202.63635498248,54
"144","DTXSID4024276","DSSTox_Substance_Id","DTXSID4024276","Propargite","2312-35-8","PROPARGITE",0,0,0,0,52
"145","DTXSID4024274","DSSTox_Substance_Id","DTXSID4024274","Propachlor","1918-16-7","PROPACHLOR",7,0,0.155555555555556,0.638020929962887,45
"146","DTXSID4024272","DSSTox_Substance_Id","DTXSID4024272","Prometryn","7287-19-6","PROMETRYN",17,0,0.242857142857143,1.20909253653505,70
"147","DTXSID4024195","DSSTox_Substance_Id","DTXSID4024195","MCPA","94-74-6","METHOXONE",0,0,0,0,98
"148","DTXSID4024145","DSSTox_Substance_Id","DTXSID4024145","Hexazinone","51235-04-2","HEXAZINONE",14506,0,125.051724137931,654.31716607704,116
"149","DTXSID4024066","DSSTox_Substance_Id","DTXSID4024066","1,2-Dinitrobenzene","528-29-0","O-DINITROBENZENE",312,0,11.1428571428571,23.2071417579035,28
"150","DTXSID4024018","DSSTox_Substance_Id","DTXSID4024018","Dicamba","1918-00-9","DICAMBA",1683.18,0,4.54913513513513,38.2216478028826,370
"151","DTXSID4023917","DSSTox_Substance_Id","DTXSID4023917","Bis(2-chloroethoxy)methane","111-91-1","BIS(2-CHLOROETHOXY)METHANE",6.2,0,0.182352941176471,0.868809909897753,34
"152","DTXSID4022361","DSSTox_Substance_Id","DTXSID4022361","Vinclozolin","50471-44-8","VINCLOZOLIN",0,0,0,0,25
"153","DTXSID4022020","DSSTox_Substance_Id","DTXSID4022020","Bromacil","314-40-9","BROMACIL",0,0,0,0,23
"154","DTXSID4021975","DSSTox_Substance_Id","DTXSID4021975","Diphenylamine","122-39-4","DIPHENYLAMINE",1301.98,0,1.85203413940256,7.47930881741737,703
"155","DTXSID4021923","DSSTox_Substance_Id","DTXSID4021923","Cyclohexane","110-82-7","CYCLOHEXANE",396511.9853576,0,31.0259769450391,722.618438053958,12780
"156","DTXSID4021557","DSSTox_Substance_Id","DTXSID4021557","Dibromomethane","74-95-3","METHYLENE BROMIDE",4.2902,0,0.0360521008403361,0.314473319675806,119
"157","DTXSID4021395","DSSTox_Substance_Id","DTXSID4021395","Trifluralin","1582-09-8","TRIFLURALIN",254.52,0,0.395217391304348,9.85145167122227,644
"158","DTXSID4021268","DSSTox_Substance_Id","DTXSID4021268","Simazine","122-34-9","SIMAZINE",2513,0,19.4806201550388,58.5764858933378,129
"159","DTXSID4021056","DSSTox_Substance_Id","DTXSID4021056","N-Nitrosomorpholine","59-89-2","N-NITROSOMORPHOLINE",0,0,0,NA,1
"160","DTXSID4020959","DSSTox_Substance_Id","DTXSID4020959","2-Methyl-5-nitroaniline","99-55-8","5-NITRO-O-TOLUIDINE",1e-06,0,1.69491525423729e-08,1.30188910980824e-07,59
"161","DTXSID4020791","DSSTox_Substance_Id","DTXSID4020791","Malathion","121-75-5","MALATHION",25363.98,0,62.1666176470588,649.556490367623,408
"162","DTXSID4020533","DSSTox_Substance_Id","DTXSID4020533","1,4-Dioxane","123-91-1","1,4-DIOXANE",1559892.11,0,1463.31342401501,5173.81965033084,1066
"163","DTXSID4020450","DSSTox_Substance_Id","DTXSID4020450","Dicofol","115-32-2","DICOFOL",0,0,0,0,49
"164","DTXSID4020298","DSSTox_Substance_Id","DTXSID4020298","Chlorobenzene","108-90-7","CHLOROBENZENE",10603.8132,0,6.87666225680934,50.3012191704042,1542
"165","DTXSID4020167","DSSTox_Substance_Id","DTXSID4020167","bis(2-Chloro-1-methylethyl) ether","108-60-1","BIS(2-CHLORO-1-METHYLETHYL) ETHER",1522,0,26.7017543859649,155.68018555821,57
"166","DTXSID4020161","DSSTox_Substance_Id","DTXSID4020161","Biphenyl","92-52-4","BIPHENYL",46278.9561,0,17.3264530512917,233.293141654795,2671
"167","DTXSID3039242","DSSTox_Substance_Id","DTXSID3039242","Benzene","71-43-2","BENZENE",252344.9570233,0,12.2000075915345,224.964998892592,20684
"168","DTXSID3032626","DSSTox_Substance_Id","DTXSID3032626","Methiocarb","2032-65-7","METHIOCARB",0,0,0,0,24
"169","DTXSID3032464","DSSTox_Substance_Id","DTXSID3032464","Profenofos","41198-08-7","PROFENOFOS",0,0,0,0,22
"170","DTXSID3025091","DSSTox_Substance_Id","DTXSID3025091","3,3'-Dimethoxybenzidine","119-90-4","3,3'-DIMETHOXYBENZIDINE",1.000001,0,0.0232558372093023,0.152498566701763,43
"171","DTXSID3024316","DSSTox_Substance_Id","DTXSID3024316","Tebuthiuron","34014-18-1","TEBUTHIURON",1,0,0.0277777777777778,0.166666666666667,36
"172","DTXSID3024239","DSSTox_Substance_Id","DTXSID3024239","Oxadiazon","19666-30-9","OXYDIAZON",0,0,0,0,168
"173","DTXSID3023899","DSSTox_Substance_Id","DTXSID3023899","Benfluralin","1861-40-1","BENFLURALIN",0,0,0,0,113
"174","DTXSID3023897","DSSTox_Substance_Id","DTXSID3023897","Triadimefon","43121-43-3","TRIADIMEFON",7.415,0,0.110671641791045,0.855920510824629,67
"175","DTXSID3022455","DSSTox_Substance_Id","DTXSID3022455","Dimethyl phthalate","131-11-3","DIMETHYL PHTHALATE",7324.315,0,3.56241001945525,43.6915521946663,2056
"176","DTXSID3022162","DSSTox_Substance_Id","DTXSID3022162","Bromoxynil","1689-84-5","BROMOXYNIL",0,0,0,0,50
"177","DTXSID3021807","DSSTox_Substance_Id","DTXSID3021807","o-Xylene","95-47-6","O-XYLENE",18000.55,0,13.3337407407407,279.833336613976,1350
"178","DTXSID3021516","DSSTox_Substance_Id","DTXSID3021516","Methyl ethyl ketone","78-93-3","METHYL ETHYL KETONE",412080.75,0,35.9111764705882,630.76170674164,11475
"179","DTXSID3021431","DSSTox_Substance_Id","DTXSID3021431","Vinyl acetate","108-05-4","VINYL ACETATE",222781.25,0,61.4568965517241,654.116681267588,3625
"180","DTXSID3020964","DSSTox_Substance_Id","DTXSID3020964","Nitrobenzene","98-95-3","NITROBENZENE",3216.46,0,6.04597744360902,46.335129713413,532
"181","DTXSID3020833","DSSTox_Substance_Id","DTXSID3020833","Methyl tert-butyl ether","1634-04-4","METHYL TERT-BUTYL ETHER",576044.5194537,0,99.1300153938565,1216.20350212264,5811
"182","DTXSID3020679","DSSTox_Substance_Id","DTXSID3020679","Heptachlor","76-44-8","HEPTACHLOR",84.21,0,0.311888888888889,2.39599987018844,270
"183","DTXSID3020596","DSSTox_Substance_Id","DTXSID3020596","Ethylbenzene","100-41-4","ETHYLBENZENE",143603.4416937,0,4.58694354916472,90.281241648225,31307
"184","DTXSID3020415","DSSTox_Substance_Id","DTXSID3020415","1,2-Dibromoethane","106-93-4","1,2-DIBROMOETHANE",6911.37,0,24.771935483871,394.755538125981,279
"185","DTXSID3020413","DSSTox_Substance_Id","DTXSID3020413","1,2-Dibromo-3-chloropropane","96-12-8","1,2-DIBROMO-3-CHLOROPROPANE",0.08003,0,0.00285821428571429,0.0151183700016879,28
"186","DTXSID3020257","DSSTox_Substance_Id","DTXSID3020257","Catechol","120-80-9","CATECHOL",410814.711,33,162.313200711181,1223.0491166823,2531
"187","DTXSID3020207","DSSTox_Substance_Id","DTXSID3020207","Dinoseb","88-85-7","DINITROBUTYL PHENOL",1568.106,0,7.91972727272727,35.3802429783125,198
"188","DTXSID3020203","DSSTox_Substance_Id","DTXSID3020203","1,3-Butadiene","106-99-0","1,3-BUTADIENE",22077.37,0,5.10931960194399,93.7579254553681,4321
"189","DTXSID2042480","DSSTox_Substance_Id","DTXSID2042480","trans-1,3-Dichloropropene","10061-02-6","TRANS-1,3-DICHLOROPROPENE",0,0,0,0,98
"190","DTXSID2032683","DSSTox_Substance_Id","DTXSID2032683","Mevinphos","7786-34-7","MEVINPHOS",0,0,0,0,9
"191","DTXSID2032390","DSSTox_Substance_Id","DTXSID2032390","Fenarimol","60168-88-9","FENARIMOL",0,0,0,0,25
"192","DTXSID2024163","DSSTox_Substance_Id","DTXSID2024163","Linuron","330-55-2","LINURON",30,0,0.326086956521739,1.24130997494338,92
"193","DTXSID2021993","DSSTox_Substance_Id","DTXSID2021993","Dibenzofuran","132-64-9","DIBENZOFURAN",2066,0,3.43760399334443,61.5273097920719,601
"194","DTXSID2021868","DSSTox_Substance_Id","DTXSID2021868","p-Xylene","106-42-3","P-XYLENE",15548.3,0,22.9664697193501,223.896292658822,677
"195","DTXSID2021864","DSSTox_Substance_Id","DTXSID2021864","2,4-Dimethylphenol","105-67-9","2,4-DIMETHYLPHENOL",18792.2032689,0,27.0391413941007,151.251247019888,695
"196","DTXSID2021781","DSSTox_Substance_Id","DTXSID2021781","Dibutyl phthalate","84-74-2","DIBUTYL PHTHALATE",3441.69,0,1.3582044198895,19.2629090224491,2534
"197","DTXSID2021731","DSSTox_Substance_Id","DTXSID2021731","Methanol","67-56-1","METHANOL",95313455.8524978,0,1976.06368645557,37841.1441484522,48234
"198","DTXSID2021319","DSSTox_Substance_Id","DTXSID2021319","Tetrachloroethylene","127-18-4","TETRACHLOROETHYLENE",32871.159,0,5.10897715262667,220.798389359729,6434
"199","DTXSID2021317","DSSTox_Substance_Id","DTXSID2021317","1,1,1,2-Tetrachloroethane","630-20-6","1,1,1,2-TETRACHLOROETHANE",914.83,0,3.79597510373444,29.2309989990543,241
"200","DTXSID2021284","DSSTox_Substance_Id","DTXSID2021284","Styrene","100-42-5","STYRENE",308847.2992,0,10.0996500719424,1373.34619078324,30580
"201","DTXSID2021159","DSSTox_Substance_Id","DTXSID2021159","Phthalic anhydride","85-44-9","PHTHALIC ANHYDRIDE",989.13,0,0.336553249404559,6.29721436638295,2939
"202","DTXSID2021151","DSSTox_Substance_Id","DTXSID2021151","2-Phenylphenol","90-43-7","2-PHENYLPHENOL",96,0,0.313725490196078,1.66534824098192,306
"203","DTXSID2021105","DSSTox_Substance_Id","DTXSID2021105","Pentachloronitrobenzene","82-68-8","QUINTOZENE",35.068,0,0.171901960784314,0.862903895690654,204
"204","DTXSID2021074","DSSTox_Substance_Id","DTXSID2021074","Octachlorostyrene","29082-74-4","OCTACHLOROSTYRENE",2.1109,0,0.02222,0.0817920008573902,95
"205","DTXSID2021028","DSSTox_Substance_Id","DTXSID2021028","N-Nitrosodiethylamine","55-18-5","N-NITROSODIETHYLAMINE",1.06,0,0.0392592592592593,0.192352359484957,27
"206","DTXSID2021026","DSSTox_Substance_Id","DTXSID2021026","N-Nitrosodibutylamine","924-16-3","N-NITROSODI-N-BUTYLAMINE",1.07,0,0.0445833333333333,0.204002966019927,24
"207","DTXSID2020921","DSSTox_Substance_Id","DTXSID2020921","2-Naphthylamine","91-59-8","BETA-NAPHTHYLAMINE",1,0,0.0384615384615385,0.196116135138184,26
"208","DTXSID2020844","DSSTox_Substance_Id","DTXSID2020844","Methyl methacrylate","80-62-6","METHYL METHACRYLATE",479338.9709,0,70.6572775501179,5242.92656613186,6784
"209","DTXSID2020767","DSSTox_Substance_Id","DTXSID2020767","Isosafrole","120-58-1","ISOSAFROLE",1.05,0,0.0291666666666667,0.166636902104117,36
"210","DTXSID2020688","DSSTox_Substance_Id","DTXSID2020688","Hexachlorocyclopentadiene","77-47-4","HEXACHLOROCYCLOPENTADIENE",236.25,0,1.45833333333333,6.85957437156317,162
"211","DTXSID2020686","DSSTox_Substance_Id","DTXSID2020686","Lindane","58-89-9","LINDANE",42.01,0,0.254606060606061,2.12606372141665,165
"212","DTXSID2020684","DSSTox_Substance_Id","DTXSID2020684","alpha-1,2,3,4,5,6-Hexachlorocyclohexane","319-84-6","ALPHA-HEXACHLOROCYCLOHEXANE",0,0,0,NA,1
"213","DTXSID2020682","DSSTox_Substance_Id","DTXSID2020682","Hexachlorobenzene","118-74-1","HEXACHLOROBENZENE",2699.0369147,0,1.76523016003924,10.1293452427352,1529
"214","DTXSID2020426","DSSTox_Substance_Id","DTXSID2020426","Dicloran","99-30-9","DICHLORAN",0,0,0,0,34
"215","DTXSID2020420","DSSTox_Substance_Id","DTXSID2020420","Propyzamide","23950-58-5","PRONAMIDE",11,0,0.148648648648649,0.822332673281376,74
"216","DTXSID2020391","DSSTox_Substance_Id","DTXSID2020391","Diallate","2303-16-4","DIALLATE",1,0,0.0153846153846154,0.124034734589208,65
"217","DTXSID2020137","DSSTox_Substance_Id","DTXSID2020137","Benzidine","92-87-5","BENZIDINE",904.89,0,13.3072058823529,52.2646320252338,68
"218","DTXSID1032484","DSSTox_Substance_Id","DTXSID1032484","Temephos","3383-96-8","TEMEPHOS",0,0,0,0,26
"219","DTXSID1026378","DSSTox_Substance_Id","DTXSID1026378","Ethylene","74-85-1","ETHYLENE",18522.25,0,2.9475254614895,56.6233341919678,6284
"220","DTXSID1026164","DSSTox_Substance_Id","DTXSID1026164","2-Methylaniline","95-53-4","O-TOLUIDINE",2056.09,0,5.24512755102041,30.1836473483096,392
"221","DTXSID1024209","DSSTox_Substance_Id","DTXSID1024209","Naled","300-76-5","NALED",0,0,0,0,41
"222","DTXSID1024176","DSSTox_Substance_Id","DTXSID1024176","Methacrylonitrile","126-98-7","METHACRYLONITRILE",1,0,0.0078125,0.0883883476483184,128
"223","DTXSID1024174","DSSTox_Substance_Id","DTXSID1024174","Tribufos","78-48-8","S,S,S-TRIBUTYLTRITHIOPHOSPHATE",238,0,6.61111111111111,27.2703688253939,36
"224","DTXSID1024091","DSSTox_Substance_Id","DTXSID1024091","EPTC","759-94-4","ETHYL DIPROPYLTHIOCARBAMATE",692.92,0,10.3420895522388,29.5562666552784,67
"225","DTXSID1024049","DSSTox_Substance_Id","DTXSID1024049","Diflubenzuron","35367-38-5","DIFLUBENZURON",0,0,0,0,42
"226","DTXSID1023990","DSSTox_Substance_Id","DTXSID1023990","Cyanazine","21725-46-2","CYANAZINE",67,0,2.03030303030303,8.23287938878635,33
"227","DTXSID1023869","DSSTox_Substance_Id","DTXSID1023869","Ametryn","834-12-8","AMETRYN",251,0,2.78888888888889,6.19803238884193,90
"228","DTXSID1022265","DSSTox_Substance_Id","DTXSID1022265","Alachlor","15972-60-8","ALACHLOR",5579,0,64.8720930232558,524.586398346054,86
"229","DTXSID1022057","DSSTox_Substance_Id","DTXSID1022057","1,3-Dichloropropene","542-75-6","1,3-DICHLOROPROPYLENE",5296.98,0,14.4726229508197,103.587818902041,366
"230","DTXSID1022053","DSSTox_Substance_Id","DTXSID1022053","2-Methyl-4,6-dinitrophenol","534-52-1","4,6-DINITRO-O-CRESOL",10,0,0.123456790123457,0.780748295697511,81
"231","DTXSID1021827","DSSTox_Substance_Id","DTXSID1021827","Cumene","98-82-8","CUMENE",31000.115631,0,3.76809476492038,70.7059459438901,8227
"232","DTXSID1021798","DSSTox_Substance_Id","DTXSID1021798","Quinoline","91-22-5","QUINOLINE",696,0,2.20253164556962,9.50572725851532,316
"233","DTXSID1021790","DSSTox_Substance_Id","DTXSID1021790","2-Nitrophenol","88-75-5","2-NITROPHENOL",1396,0,16.4235294117647,30.3434218455948,85
"234","DTXSID1021740","DSSTox_Substance_Id","DTXSID1021740","1-Butanol","71-36-3","N-BUTYL ALCOHOL",582612.5853905,0,31.6379356714906,639.275630435906,18415
"235","DTXSID1021407","DSSTox_Substance_Id","DTXSID1021407","Trinitroglycerin","55-63-0","NITROGLYCERIN",149066.2366,0,136.257985923218,2211.37470948094,1094
"236","DTXSID1021374","DSSTox_Substance_Id","DTXSID1021374","Bromoform","75-25-2","BROMOFORM",557.29,0,15.0618918918919,74.8199658379231,37
"237","DTXSID1021320","DSSTox_Substance_Id","DTXSID1021320","Tetrachlorovinphos","961-11-5","TETRACHLORVINPHOS",25,0,0.384615384615385,1.34271538882394,65
"238","DTXSID1021166","DSSTox_Substance_Id","DTXSID1021166","Piperonyl butoxide","51-03-6","PIPERONYL BUTOXIDE",144,0,0.473684210526316,8.25896641934022,304
"239","DTXSID1021160","DSSTox_Substance_Id","DTXSID1021160","Picloram","1918-02-1","PICLORAM",1746857.2,0,23929.5506849315,72750.5477629514,73
"240","DTXSID1020855","DSSTox_Substance_Id","DTXSID1020855","Methyl parathion","298-00-0","METHYL PARATHION",0,0,0,0,64
"241","DTXSID1020439","DSSTox_Substance_Id","DTXSID1020439","2,4-Dichlorophenol","120-83-2","2,4-DICHLOROPHENOL",1384.03,0,9.16576158940397,39.7933253940421,151
"242","DTXSID1020437","DSSTox_Substance_Id","DTXSID1020437","1,1-Dichloroethane","75-34-3","ETHYLIDENE DICHLORIDE",929.125,0,2.92177672955975,18.2062419116689,318
"243","DTXSID1020431","DSSTox_Substance_Id","DTXSID1020431","1,4-Dichlorobenzene","106-46-7","1,4-DICHLOROBENZENE",11105.632,0,26.8251980676329,159.940935841831,414
"244","DTXSID1020306","DSSTox_Substance_Id","DTXSID1020306","Chloroform","67-66-3","CHLOROFORM",448123.709,0,214.208273900574,1155.93139162649,2092
"245","DTXSID1020302","DSSTox_Substance_Id","DTXSID1020302","Chloroethane","75-00-3","CHLOROETHANE",8816.16,0,8.63482859941234,64.961121904665,1021
"246","DTXSID1020198","DSSTox_Substance_Id","DTXSID1020198","Bromodichloromethane","75-27-4","DICHLOROBROMOMETHANE",354,0,13.1111111111111,54.7858300976373,27
"247","DTXSID0039227","DSSTox_Substance_Id","DTXSID0039227","2-Acetylaminofluorene","53-96-3","2-ACETYLAMINOFLUORENE",1,0,0.0285714285714286,0.169030850945703,35
"248","DTXSID0039223","DSSTox_Substance_Id","DTXSID0039223","Aldicarb","116-06-3","ALDICARB",0,0,0,0,81
"249","DTXSID0032578","DSSTox_Substance_Id","DTXSID0032578","Thiodicarb","59669-26-0","THIODICARB",50.205,0,0.678445945945946,1.71994204379811,74
"250","DTXSID0024187","DSSTox_Substance_Id","DTXSID0024187","Methyl iodide","74-88-4","METHYL IODIDE",811.11,0,3.14383720930233,22.3238463609419,258
"251","DTXSID0024183","DSSTox_Substance_Id","DTXSID0024183","Methyl acrylate","96-33-3","METHYL ACRYLATE",6094.97,0,4.54848507462687,34.4119331715607,1340
"252","DTXSID0024002","DSSTox_Substance_Id","DTXSID0024002","Fenpropathrin","39515-41-8","FENPROPATHRIN",0,0,0,0,19
"253","DTXSID0023955","DSSTox_Substance_Id","DTXSID0023955","Chlorimuron-ethyl","90982-32-4","CHLORIMURON ETHYL",0,0,0,0,62
"254","DTXSID0023951","DSSTox_Substance_Id","DTXSID0023951","Carboxin","5234-68-4","CARBOXIN",0,0,0,0,65
"255","DTXSID0023878","DSSTox_Substance_Id","DTXSID0023878","Anthracene","120-12-7","ANTHRACENE",11538.49,0,6.37485635359116,39.448718789822,1810
"256","DTXSID0021965","DSSTox_Substance_Id","DTXSID0021965","1,2,4-Trichlorobenzene","120-82-1","1,2,4-TRICHLOROBENZENE",1888.29,0,3.95039748953975,29.3602052452453,478
"257","DTXSID0021917","DSSTox_Substance_Id","DTXSID0021917","n-Hexane","110-54-3","N-HEXANE",189640.7313381,0,6.74493993946863,105.342198142566,28116
"258","DTXSID0021836","DSSTox_Substance_Id","DTXSID0021836","1,4-Dinitrobenzene","100-25-4","P-DINITROBENZENE",696,15,36.6315789473684,67.7988942275575,19
"259","DTXSID0021834","DSSTox_Substance_Id","DTXSID0021834","4-Nitrophenol","100-02-7","4-NITROPHENOL",3626.05,0,37.3819587628866,84.7280669091709,97
"260","DTXSID0021541","DSSTox_Substance_Id","DTXSID0021541","Chloromethane","74-87-3","CHLOROMETHANE",36794.7428,0,20.9895851682829,246.582659063581,1753
"261","DTXSID0021389","DSSTox_Substance_Id","DTXSID0021389","Trichlorfon","52-68-6","TRICHLORFON",18,0,0.310344827586207,1.65653301608927,58
"262","DTXSID0021385","DSSTox_Substance_Id","DTXSID0021385","Folpet","133-07-3","FOLPET",30,0,0.252100840336134,1.57425520401623,119
"263","DTXSID0021383","DSSTox_Substance_Id","DTXSID0021383","Trichloroethylene","79-01-6","TRICHLOROETHYLENE",22106.91,0,3.04754755996691,168.880422565921,7254
"264","DTXSID0021381","DSSTox_Substance_Id","DTXSID0021381","1,1,1-Trichloroethane","71-55-6","1,1,1-TRICHLOROETHANE",7133.202,0,7.74506188925081,104.960062309668,921
"265","DTXSID0021337","DSSTox_Substance_Id","DTXSID0021337","Thiabendazole","148-79-8","THIABENDAZOLE",5328,0,59.8651685393258,564.766870467389,89
"266","DTXSID0021254","DSSTox_Substance_Id","DTXSID0021254","Safrole","94-59-7","SAFROLE",0,0,0,0,51
"267","DTXSID0020868","DSSTox_Substance_Id","DTXSID0020868","Dichloromethane","75-09-2","DICHLOROMETHANE",134676.4610122,0,15.6237193749652,381.57395311782,8620
"268","DTXSID0020529","DSSTox_Substance_Id","DTXSID0020529","2,4-Dinitrotoluene","121-14-2","2,4-DINITROTOLUENE",819.35,0,3.6578125,19.6157806688186,224
"269","DTXSID0020523","DSSTox_Substance_Id","DTXSID0020523","2,4-Dinitrophenol","51-28-5","2,4-DINITROPHENOL",75422,0,423.719101123596,3003.93791636841,178
"270","DTXSID0020448","DSSTox_Substance_Id","DTXSID0020448","1,2-Dichloropropane","78-87-5","1,2-DICHLOROPROPANE",37770.878,0,118.03399375,629.669005203363,320
"271","DTXSID0020446","DSSTox_Substance_Id","DTXSID0020446","Diuron","330-54-1","DIURON",2356.7,0,6.51022099447514,47.506840218447,362
"272","DTXSID0020442","DSSTox_Substance_Id","DTXSID0020442","2,4-Dichlorophenoxyacetic acid","94-75-7","2,4-D",1305.242101,0,2.16817624750831,16.2121055848236,602
"273","DTXSID0020440","DSSTox_Substance_Id","DTXSID0020440","Dichlorprop","120-36-5","2,4-DP",0,0,0,0,28
"274","DTXSID0020319","DSSTox_Substance_Id","DTXSID0020319","Chlorothalonil","1897-45-6","CHLOROTHALONIL",816.063,0,1.92922695035461,13.8251324133604,423
"275","DTXSID0020315","DSSTox_Substance_Id","DTXSID0020315","Chloropicrin","76-06-2","CHLOROPICRIN",0,0,0,0,238
"276","DTXSID0020311","DSSTox_Substance_Id","DTXSID0020311","Monuron","150-68-5","MONURON",0,0,0,0,4
"277","DTXSID9034070","DSSTox_Substance_Id","DTXSID9034070","Trichloroacetyl chloride","76-02-8","TRICHLOROACETYL CHLORIDE",0,0,0,0,23
"278","DTXSID9026631","DSSTox_Substance_Id","DTXSID9026631","Benzoyl chloride","98-88-4","BENZOYL CHLORIDE",275,0,0.6875,12.5092384406851,400
"279","DTXSID9023889","DSSTox_Substance_Id","DTXSID9023889","Quizalofop-ethyl","76578-14-8","QUIZALOFOP-ETHYL",0,0,0,0,10
"280","DTXSID9023419","DSSTox_Substance_Id","DTXSID9023419","Paraldehyde","123-63-7","PARALDEHYDE",172,0,1.45762711864407,9.8115961984957,118
"281","DTXSID9021635","DSSTox_Substance_Id","DTXSID9021635","2-Methylpropanal","78-84-2","ISOBUTYRALDEHYDE",8579.11,0,22.4584031413613,109.443632365809,382
"282","DTXSID9021427","DSSTox_Substance_Id","DTXSID9021427","Urethane","51-79-6","URETHANE",29813,0,136.132420091324,1998.8098169209,219
"283","DTXSID9021348","DSSTox_Substance_Id","DTXSID9021348","Thiourea","62-56-6","THIOUREA",1695.15,0,4.03607142857143,26.6999001552511,420
"284","DTXSID9021346","DSSTox_Substance_Id","DTXSID9021346","Thiosemicarbazide","79-19-6","THIOSEMICARBAZIDE",0,0,0,0,18
"285","DTXSID9021340","DSSTox_Substance_Id","DTXSID9021340","Thioacetamide","62-55-5","THIOACETAMIDE",1,0,0.0196078431372549,0.140028008402801,51
"286","DTXSID9020164","DSSTox_Substance_Id","DTXSID9020164","Pentaerythritol dibromide","3296-90-0","2,2-BIS(BROMOMETHYL)-1,3-PROPANEDIOL",0,0,0,0,18
"287","DTXSID8032544","DSSTox_Substance_Id","DTXSID8032544","Dipropyl 2,5-pyridinedicarboxylate","136-45-8","DIPROPYL ISOCINCHOMERONATE",0,0,0,0,24
"288","DTXSID8026307","DSSTox_Substance_Id","DTXSID8026307","2,6-Dimethylaniline","87-62-7","2,6-XYLIDINE",3358,0,74.6222222222222,441.01284710667,45
"289","DTXSID8024864","DSSTox_Substance_Id","DTXSID8024864","Crotonaldehyde","4170-30-3","CROTONALDEHYDE",83213,0,435.670157068063,3397.76897561969,191
"290","DTXSID8024311","DSSTox_Substance_Id","DTXSID8024311","Sodium fluoroacetate","62-74-8","SODIUM FLUOROACETATE",0,0,0,0,17
"291","DTXSID8024286","DSSTox_Substance_Id","DTXSID8024286","Propyleneimine","75-55-8","PROPYLENEIMINE",25,0,0.260416666666667,1.11680740144835,96
"292","DTXSID8021197","DSSTox_Substance_Id","DTXSID8021197","beta-Propiolactone","57-57-8","BETA-PROPIOLACTONE",0,0,0,NA,1
"293","DTXSID8021195","DSSTox_Substance_Id","DTXSID8021195","1,3-Propane sultone","1120-71-4","PROPANE SULTONE",0,0,0,0,45
"294","DTXSID8020593","DSSTox_Substance_Id","DTXSID8020593","1-Ethyl-1-nitrosourea","759-73-9","N-NITROSO-N-ETHYLUREA",1,0,0.0227272727272727,0.150755672288882,44
"295","DTXSID7040732","DSSTox_Substance_Id","DTXSID7040732","4-Chlorophenyl isocyanate","104-12-1","P-CHLOROPHENYL ISOCYANATE",0,0,0,NA,1
"296","DTXSID7032393","DSSTox_Substance_Id","DTXSID7032393","Fenoxycarb","72490-01-8","FENOXYCARB",0,0,0,0,12
"297","DTXSID7026156","DSSTox_Substance_Id","DTXSID7026156","Toluene-2,4-diisocyanate","584-84-9","TOLUENE-2,4-DIISOCYANATE",5578,0,5.13155473781049,68.6834103274612,1087
"298","DTXSID7025427","DSSTox_Substance_Id","DTXSID7025427","2-Hydroxy-2-methylpropanenitrile","75-86-5","2-METHYLLACTONITRILE",9,0,0.050561797752809,0.674578520096275,178
"299","DTXSID7024902","DSSTox_Substance_Id","DTXSID7024902","Dazomet","533-74-4","DAZOMET",3375.7,0,9.92852941176471,45.8473095321995,340
"300","DTXSID7024532","DSSTox_Substance_Id","DTXSID7024532","4-Methoxyaniline","104-94-9","P-ANISIDINE",0,0,0,NA,1
"301","DTXSID7024166","DSSTox_Substance_Id","DTXSID7024166","2,5-Furandione","108-31-6","MALEIC ANHYDRIDE",3280.43,0,0.827346784363178,34.8036648625229,3965
"302","DTXSID7024112","DSSTox_Substance_Id","DTXSID7024112","Fomesafen","72178-02-0","FOMESAFEN",19097.53,0,190.9753,749.513570863123,100
"303","DTXSID7024110","DSSTox_Substance_Id","DTXSID7024110","Fluvalinate","69409-94-5","FLUVALINATE",0,0,0,0,10
"304","DTXSID7024087","DSSTox_Substance_Id","DTXSID7024087","2-Ethoxyethanol","110-80-5","2-ETHOXYETHANOL",276278.180001,0,489.854929079787,4488.84877878234,564
"305","DTXSID7023932","DSSTox_Substance_Id","DTXSID7023932","Bromoxynil octanoate","1689-99-2","BROMOXYNIL OCTANOATE",0,0,0,0,70
"306","DTXSID7021364","DSSTox_Substance_Id","DTXSID7021364","2-Methylaniline hydrochloride","636-21-5","O-TOLUIDINE HYDROCHLORIDE",1.13,0,0.0235416666666667,0.145155669678164,48
"307","DTXSID7020005","DSSTox_Substance_Id","DTXSID7020005","Acetamide","60-35-5","ACETAMIDE",11225,0,52.4532710280374,354.536495884603,214
"308","DTXSID6025854","DSSTox_Substance_Id","DTXSID6025854","Perchloromethylmercaptan","594-42-3","PERCHLOROMETHYL MERCAPTAN",0,0,0,0,18
"309","DTXSID6025014","DSSTox_Substance_Id","DTXSID6025014","Benzal chloride","98-87-3","BENZAL CHLORIDE",0.133,0,0.0011875,0.0125673187275568,112
"310","DTXSID6025012","DSSTox_Substance_Id","DTXSID6025012","2,3-Dichloro-1-propene","78-88-6","2,3-DICHLOROPROPENE",4786,0,46.0192307692308,249.906467193295,104
"311","DTXSID6024676","DSSTox_Substance_Id","DTXSID6024676","Butyl acrylate","141-32-2","BUTYL ACRYLATE",101077.88,0,31.9361390205371,651.31012005673,3165
"312","DTXSID6024591","DSSTox_Substance_Id","DTXSID6024591","Benzoyl peroxide","94-36-0","BENZOYL PEROXIDE",3250,0,3.24027916251246,28.290782173878,1003
"313","DTXSID6023997","DSSTox_Substance_Id","DTXSID6023997","alpha-Cyhalothrin","68085-85-8","CYHALOTHRIN",0,0,0,0,15
"314","DTXSID6022422","DSSTox_Substance_Id","DTXSID6022422","4,4'-Diaminobiphenyl methane","101-77-9","4,4'-METHYLENEDIANILINE",130286,0,291.467561521253,4576.73626228652,447
"315","DTXSID6021907","DSSTox_Substance_Id","DTXSID6021907","Propanedinitrile","109-77-3","MALONONITRILE",6,0,0.075,0.56869826931246,80
"316","DTXSID6021874","DSSTox_Substance_Id","DTXSID6021874","1-Bromopropane","106-94-5","1-BROMOPROPANE",7,0,0.0358974358974359,0.371321948484575,195
"317","DTXSID6021824","DSSTox_Substance_Id","DTXSID6021824","Dichlorophen","97-23-4","DICHLOROPHENE",0,0,0,0,4
"318","DTXSID6021321","DSSTox_Substance_Id","DTXSID6021321","Tetracycline hydrochloride","64-75-5","TETRACYCLINE HYDROCHLORIDE",0,0,0,0,57
"319","DTXSID6020939","DSSTox_Substance_Id","DTXSID6020939","Nitrilotriacetic acid","139-13-9","NITRILOTRIACETIC ACID",31106,0,211.605442176871,1541.8651867841,147
"320","DTXSID6020856","DSSTox_Substance_Id","DTXSID6020856","N-Methyl-2-pyrrolidone","872-50-4","N-METHYL-2-PYRROLIDONE",377566.151,0,41.4999066827874,685.552429852702,9098
"321","DTXSID6020690","DSSTox_Substance_Id","DTXSID6020690","Hexachlorophene","70-30-4","HEXACHLOROPHENE",1,0,0.0128205128205128,0.11322770341446,78
"322","DTXSID6020646","DSSTox_Substance_Id","DTXSID6020646","Furan","110-00-9","FURAN",0,0,0,0,24
"323","DTXSID6020569","DSSTox_Substance_Id","DTXSID6020569","1,2-Epoxybutane","106-88-7","1,2-BUTYLENE OXIDE",17751,0,66.7330827067669,640.152552717289,266
"324","DTXSID6020515","DSSTox_Substance_Id","DTXSID6020515","N,N-Dimethylformamide","68-12-2","N,N-DIMETHYLFORMAMIDE",242458.7,0,66.6278373179445,733.306851024225,3639
"325","DTXSID6020145","DSSTox_Substance_Id","DTXSID6020145","1,4-Benzoquinone","106-51-4","QUINONE",5452,0,38.6666666666667,229.499320467922,141
"326","DTXSID6020068","DSSTox_Substance_Id","DTXSID6020068","2-Aminoanthraquinone","117-79-3","2-AMINOANTHRAQUINONE",0,0,0,NA,1
"327","DTXSID5040706","DSSTox_Substance_Id","DTXSID5040706","C.I. Solvent Orange 7","3118-97-6","C.I. SOLVENT ORANGE 7",0,0,0,0,5
"328","DTXSID5032654","DSSTox_Substance_Id","DTXSID5032654","Triforine","26644-46-2","TRIFORINE",0,0,0,0,12
"329","DTXSID5031393","DSSTox_Substance_Id","DTXSID5031393","1,2-Dichloro-1,1-difluoroethane","1649-08-7","1,2-DICHLORO-1,1-DIFLUOROETHANE",449,5,10.2045454545455,13.2095447265077,44
"330","DTXSID5025607","DSSTox_Substance_Id","DTXSID5025607","Methyleugenol","93-15-2","METHYLEUGENOL",0,0,0,NA,1
"331","DTXSID5025023","DSSTox_Substance_Id","DTXSID5025023","Dicyclopentadiene","77-73-6","DICYCLOPENTADIENE",79365.89,0,42.9004810810811,448.91770154645,1850
"332","DTXSID5024182","DSSTox_Substance_Id","DTXSID5024182","2-Methoxyethanol","109-86-4","2-METHOXYETHANOL",242897.8,0,376.002786377709,2200.87627651513,646
"333","DTXSID5024057","DSSTox_Substance_Id","DTXSID5024057","Dimethylamine","124-40-3","DIMETHYLAMINE",628706.3,0,417.745049833887,3198.32053060557,1505
"334","DTXSID5024055","DSSTox_Substance_Id","DTXSID5024055","Dimethyl sulfate","77-78-1","DIMETHYL SULFATE",118,0,0.196666666666667,2.03344052191087,600
"335","DTXSID5023877","DSSTox_Substance_Id","DTXSID5023877","2-Anisidine","90-04-0","O-ANISIDINE",1629,0,20.3625,66.0550678878683,80
"336","DTXSID5021883","DSSTox_Substance_Id","DTXSID5021883","Propargyl alcohol","107-19-7","PROPARGYL ALCOHOL",0,0,0,0,270
"337","DTXSID5021413","DSSTox_Substance_Id","DTXSID5021413","Tris(2,3-dibromopropyl) phosphate","126-72-7","TRIS(2,3-DIBROMOPROPYL) PHOSPHATE",501,0,21.7826086956522,72.0125977121296,23
"338","DTXSID5021332","DSSTox_Substance_Id","DTXSID5021332","Thiram","137-26-8","THIRAM",1618.85,0,1.27068288854003,10.0387420268404,1274
"339","DTXSID5021251","DSSTox_Substance_Id","DTXSID5021251","Saccharin","81-07-2","SACCHARIN (MANUFACTURING, NO SUPPLIER NOTIFICATION)",0,0,0,0,38
"340","DTXSID5020869","DSSTox_Substance_Id","DTXSID5020869","4,4'-Methylenebis(N,N-dimethylaniline)","101-61-1","4,4'-METHYLENEBIS(N,N-DIMETHYL)BENZENAMINE",0,0,0,0,3
"341","DTXSID5020443","DSSTox_Substance_Id","DTXSID5020443","2,4-D Butyl ester","94-80-4","2,4-D BUTYL ESTER",3,0,0.166666666666667,0.383482494423685,18
"342","DTXSID4030336","DSSTox_Substance_Id","DTXSID4030336","3-Chloropropionitrile","542-76-7","3-CHLOROPROPIONITRILE",0,0,0,0,26
"343","DTXSID4027496","DSSTox_Substance_Id","DTXSID4027496","2,4-D sodium salt","2702-72-9","2,4-D SODIUM SALT",30,0,1.15384615384615,5.88348405414552,26
"344","DTXSID4021894","DSSTox_Substance_Id","DTXSID4021894","Cyclohexanol","108-93-0","CYCLOHEXANOL",791392.3,0,1548.71291585127,18465.1751645302,511
"345","DTXSID4021137","DSSTox_Substance_Id","DTXSID4021137","1,3-Benzenediamine","108-45-2","1,3-PHENYLENEDIAMINE",2840,0,6.49885583524027,52.6830415376747,437
"346","DTXSID4021135","DSSTox_Substance_Id","DTXSID4021135","C.I. Solvent Yellow 14","842-07-9","C.I. SOLVENT YELLOW 14",0,0,0,NA,1
"347","DTXSID4021006","DSSTox_Substance_Id","DTXSID4021006","N-Nitroso-N-methylurea","684-93-5","N-NITROSO-N-METHYLUREA",1,0,0.0256410256410256,0.160128153805087,39
"348","DTXSID4020901","DSSTox_Substance_Id","DTXSID4020901","Chloroacetic acid","79-11-8","CHLOROACETIC ACID",3350.8,0,6.98083333333333,89.3052804614711,480
"349","DTXSID4020666","DSSTox_Substance_Id","DTXSID4020666","Glycidol","556-52-5","GLYCIDOL",263506,0,6128.04651162791,12815.9180225097,43
"350","DTXSID4020583","DSSTox_Substance_Id","DTXSID4020583","Ethyl acrylate","140-88-5","ETHYL ACRYLATE",2139.05,0,1.04191427179737,14.6133613121229,2053
"351","DTXSID4020402","DSSTox_Substance_Id","DTXSID4020402","2,4-Diaminotoluene","95-80-7","2,4-DIAMINOTOLUENE",55,0,0.44,1.42217461837894,125
"352","DTXSID3034612","DSSTox_Substance_Id","DTXSID3034612","Fluazifop-butyl","69806-50-4","FLUAZIFOP BUTYL",0,0,0,0,12
"353","DTXSID3034531","DSSTox_Substance_Id","DTXSID3034531","Thiophanate","23564-06-9","THIOPHANATE ETHYL",0,0,0,NA,1
"354","DTXSID3025881","DSSTox_Substance_Id","DTXSID3025881","1,2-Phenylenediamine","95-54-5","1,2-PHENYLENEDIAMINE",349,0,2.05294117647059,12.0400032262798,170
"355","DTXSID3024944","DSSTox_Substance_Id","DTXSID3024944","1,2-Dibromo-2,4-dicyanobutane","35691-65-7","1-BROMO-1-(BROMOMETHYL)-1,3-PROPANEDICARBONITRILE",0,0,0,0,58
"356","DTXSID3024869","DSSTox_Substance_Id","DTXSID3024869","Cumene hydroperoxide","80-15-9","CUMENE HYDROPEROXIDE",34140,0,42.568578553616,361.392660538866,802
"357","DTXSID3024366","DSSTox_Substance_Id","DTXSID3024366","Triethylamine","121-44-8","TRIETHYLAMINE",181903.422,0,61.8298511216859,483.708067406363,2942
"358","DTXSID3021932","DSSTox_Substance_Id","DTXSID3021932","Diethanolamine","111-42-2","DIETHANOLAMINE",1558026.32,0,212.728880393228,4054.68629966233,7324
"359","DTXSID3020885","DSSTox_Substance_Id","DTXSID3020885","N-Methylolacrylamide","924-42-5","N-METHYLOLACRYLAMIDE",12657,0,19.4723076923077,138.697007129404,650
"360","DTXSID2034968","DSSTox_Substance_Id","DTXSID2034968","2,4-Dithiobiuret","541-53-7","2,4-DITHIOBIURET",0,0,0,0,12
"361","DTXSID2034700","DSSTox_Substance_Id","DTXSID2034700","MCPA-sodium","3653-48-3","METHOXONE SODIUM SALT",0,0,0,0,20
"362","DTXSID2032392","DSSTox_Substance_Id","DTXSID2032392","Fenoxaprop-ethyl","66441-23-4","FENOXAPROP ETHYL",0,0,0,NA,1
"363","DTXSID2027204","DSSTox_Substance_Id","DTXSID2027204","Methyl isothiocyanate","556-61-6","METHYL ISOTHIOCYANATE",0,0,0,0,87
"364","DTXSID2026157","DSSTox_Substance_Id","DTXSID2026157","Toluene-2,6-diisocyanate","91-08-7","TOLUENE-2,6-DIISOCYANATE",1864,0,3.24738675958188,27.6079152180648,574
"365","DTXSID2024115","DSSTox_Substance_Id","DTXSID2024115","Formic acid","64-18-6","FORMIC ACID",7812568.7371,0,1155.53449742642,11421.5319664485,6761
"366","DTXSID2021658","DSSTox_Substance_Id","DTXSID2021658","Propanal","123-38-6","PROPIONALDEHYDE",158641.12,0,215.545,1196.72335896411,736
"367","DTXSID2021286","DSSTox_Substance_Id","DTXSID2021286","Styrene oxide","96-09-3","STYRENE OXIDE",0,0,0,0,45
"368","DTXSID2020977","DSSTox_Substance_Id","DTXSID2020977","Nitromethane","75-52-5","NITROMETHANE",4790,0,101.914893617021,250.584779525572,47
"369","DTXSID2020894","DSSTox_Substance_Id","DTXSID2020894","Michler's ketone","90-94-8","MICHLER'S KETONE",0,0,0,0,3
"370","DTXSID2020761","DSSTox_Substance_Id","DTXSID2020761","Isoprene","78-79-5","ISOPRENE",6564,0,14.4900662251656,77.9285923037683,453
"371","DTXSID2020507","DSSTox_Substance_Id","DTXSID2020507","N,N-Dimethylaniline","121-69-7","N,N-DIMETHYLANILINE",3910.6,0,12.4146031746032,83.4084763450066,315
"372","DTXSID2020470","DSSTox_Substance_Id","DTXSID2020470","Diglycidyl resorcinol ether","101-90-6","DIGLYCIDYL RESORCINOL ETHER",0,0,0,0,52
"373","DTXSID2020268","DSSTox_Substance_Id","DTXSID2020268","Chlorendic acid","115-28-6","CHLORENDIC ACID",0,0,0,0,14
"374","DTXSID1032309","DSSTox_Substance_Id","DTXSID1032309","2,4-D-Butotyl","1929-73-3","2,4-D BUTOXYETHYL ESTER",44,0,0.411214953271028,2.32684607589466,107
"375","DTXSID1027186","DSSTox_Substance_Id","DTXSID1027186","Ethyl chloroformate","541-41-3","ETHYL CHLOROFORMATE",25,0,0.290697674418605,1.17689800717337,86
"376","DTXSID1026081","DSSTox_Substance_Id","DTXSID1026081","3,3',5,5'-Tetrabromobisphenol A","79-94-7","TETRABROMOBISPHENOL A",374.9,0,0.392565445026178,4.80552852638316,955
"377","DTXSID1025853","DSSTox_Substance_Id","DTXSID1025853","Peracetic acid","79-21-0","PERACETIC ACID",16119.72,0,7.25786582620441,254.898848294632,2221
"378","DTXSID1024338","DSSTox_Substance_Id","DTXSID1024338","Thiophanate-methyl","23564-05-8","THIOPHANATE-METHYL",0,0,0,0,197
"379","DTXSID1024045","DSSTox_Substance_Id","DTXSID1024045","Diethyl sulfate","64-67-5","DIETHYL SULFATE",0,0,0,0,487
"380","DTXSID1023786","DSSTox_Substance_Id","DTXSID1023786","Methyl isocyanate","624-83-9","METHYL ISOCYANATE",0,0,0,0,82
"381","DTXSID1021031","DSSTox_Substance_Id","DTXSID1021031","4-Nitrosodiphenylamine","156-10-5","P-NITROSODIPHENYLAMINE",0,0,0,0,18
"382","DTXSID1020807","DSSTox_Substance_Id","DTXSID1020807","2-Mercaptobenzothiazole","149-30-4","2-MERCAPTOBENZOTHIAZOLE",463531,0,729.970078740158,5965.30128257138,635
"383","DTXSID1020566","DSSTox_Substance_Id","DTXSID1020566","Epichlorohydrin","106-89-8","EPICHLOROHYDRIN",704076.7843207,0,476.371301976116,6554.07549005303,1478
"384","DTXSID1020516","DSSTox_Substance_Id","DTXSID1020516","1,1-Dimethylhydrazine","57-14-7","1,1-DIMETHYL HYDRAZINE",1.05,0,0.0147887323943662,0.118741726387623,71
"385","DTXSID1020512","DSSTox_Substance_Id","DTXSID1020512","Dimethylcarbamoyl chloride","79-44-7","DIMETHYLCARBAMYL CHLORIDE",1,0,0.0196078431372549,0.140028008402801,51
"386","DTXSID1020485","DSSTox_Substance_Id","DTXSID1020485","3,3'-Dimethoxybenzidine dihydrochloride","20325-40-0","3,3'-DIMETHOXYBENZIDINE DIHYDROCHLORIDE",388.5,0,5.25,26.7081191800731,74
"387","DTXSID1020433","DSSTox_Substance_Id","DTXSID1020433","3,3'-Dichlorobenzidine dihydrochloride","612-83-9","3,3'-DICHLOROBENZIDINE DIHYDROCHLORIDE",20.41,0,0.121488095238095,0.764341241064199,168
"388","DTXSID1020350","DSSTox_Substance_Id","DTXSID1020350","2-Methoxy-5-methylaniline","120-71-8","P-CRESIDINE",4223.85,0,103.020731707317,133.563690320203,41
"389","DTXSID1020279","DSSTox_Substance_Id","DTXSID1020279","3-Chloro-2-methylpropene","563-47-3","3-CHLORO-2-METHYL-1-PROPENE",0,0,0,0,65
"390","DTXSID1020148","DSSTox_Substance_Id","DTXSID1020148","Benzotrichloride","98-07-7","BENZOIC TRICHLORIDE",1e-06,0,1.0989010989011e-08,1.04828483672192e-07,91
"391","DTXSID1020069","DSSTox_Substance_Id","DTXSID1020069","2-Amino-5-azotoluene","97-56-3","C.I. SOLVENT YELLOW 3",0,0,0,0,7
"392","DTXSID0039229","DSSTox_Substance_Id","DTXSID0039229","Acrylic acid","79-10-7","ACRYLIC ACID",247617.740001,0,59.4663160425072,651.42057755391,4164
"393","DTXSID0034518","DSSTox_Substance_Id","DTXSID0034518","Desmedipham","13684-56-5","DESMEDIPHAM",0,0,0,0,12
"394","DTXSID0028038","DSSTox_Substance_Id","DTXSID0028038","3-Iodo-2-propynyl-N-butylcarbamate","55406-53-6","3-IODO-2-PROPYNYL BUTYLCARBAMATE",55,0,0.072463768115942,0.788283674440873,759
"395","DTXSID0027486","DSSTox_Substance_Id","DTXSID0027486","Dimethyl chlorothiophosphate","2524-03-0","DIMETHYL CHLOROTHIOPHOSPHATE",1,0,0.0625,0.25,16
"396","DTXSID0024266","DSSTox_Substance_Id","DTXSID0024266","Pirimiphos-methyl","29232-93-7","PIRIMIPHOS METHYL",0,0,0,0,3
"397","DTXSID0024216","DSSTox_Substance_Id","DTXSID0024216","Nitrapyrin","1929-82-4","NITRAPYRIN",1,0,0.0142857142857143,0.119522860933439,70
"398","DTXSID0024185","DSSTox_Substance_Id","DTXSID0024185","Methyl chlorocarbonate","79-22-1","METHYL CHLOROCARBONATE",26,0,0.232142857142857,1.03959575353083,112
"399","DTXSID0024052","DSSTox_Substance_Id","DTXSID0024052","Dimethipin","55290-64-7","DIMETHIPIN",0,0,0,0,28
"400","DTXSID0021709","DSSTox_Substance_Id","DTXSID0021709","Benzamide","55-21-0","BENZAMIDE",0,0,0,NA,1
"401","DTXSID0021125","DSSTox_Substance_Id","DTXSID0021125","Phenolphthalein","77-09-8","PHENOLPHTHALEIN",0,0,0,0,10
"402","DTXSID0021094","DSSTox_Substance_Id","DTXSID0021094","4,4'-Oxydianiline","101-80-4","4,4'-DIAMINODIPHENYL ETHER",7063,0,92.9342105263158,171.232188214429,76
"403","DTXSID0020943","DSSTox_Substance_Id","DTXSID0020943","2-Methoxy-5-nitroaniline","99-59-2","5-NITRO-O-ANISIDINE",15,5,3,2.73861278752583,5
"404","DTXSID0020153","DSSTox_Substance_Id","DTXSID0020153","Benzyl chloride","100-44-7","BENZYL CHLORIDE",3458.501,0,4.26975432098765,47.5221633681773,810
"405","DTXSID0020076","DSSTox_Substance_Id","DTXSID0020076","Amitrole","61-82-5","AMITROLE",1.000001,0,0.0172413965517241,0.131306430556167,58
